Voltage,Force
-0.0000174,0
0.000298,441.45
0.000604,882.9
0.000906,1324.35
0.00112,1765.8
